product_name,hscode,description
Laptop Cover,42021910,Protective laptop cover for everyday use
Laptop Toy,95030030,Toy laptop designed for kids to play with
Laptop Machine,84713010,Portable laptop machine for business use
Laptop Stand,39269099,Stand for holding laptops in place
Laptop Sleeve,42022910,Protective sleeve for laptop storage
Laptop Charger,85044090,Charger for laptop computers
Laptop,84713010,High-end personal laptop
Laptop Cover,42021910,Protective laptop cover
Laptop Toy,95030030,Toy laptop for kids
Laptop Picture,49119990,Printed picture of a laptop
Gaming Laptop,84713020,High-performance gaming laptop
Laptop Stand,39269099,Stand for holding laptops
Laptop Charger,85044010,Laptop charging device
Laptop Sleeve,42021210,Soft sleeve for laptops
Laptop Backpack,42029210,Backpack with laptop compartment
Laptop Keyboard,84716060,External keyboard for laptops
